{"accuracy": [0.3496503531932831, 0.434965044260025, 0.5832167863845825, 0.681118905544281, 0.7496503591537476, 0.8293706178665161, 0.8657342791557312, 0.9160839319229126, 0.9412587285041809, 0.9258741140365601, 0.9342657327651978, 0.9468531608581543, 0.9720279574394226, 0.9832167625427246, 0.9930070042610168, 0.988811194896698, 0.9958041906356812, 0.9944055676460266, 0.9986013770103455, 0.9986013770103455, 0.9986013770103455, 0.9986013770103455, 0.9986013770103455, 0.9958041906356812, 1.0, 0.9958041906356812, 1.0, 0.9986013770103455, 1.0, 1.0, 1.0, 0.9986013770103455, 1.0, 1.0, 1.0, 1.0, 1.0, 1.0, 0.9958041906356812, 1.0, 1.0, 0.9986013770103455, 1.0, 1.0, 0.9986013770103455, 1.0, 1.0, 1.0], "loss": [1.3095049858093262, 1.1125704050064087, 0.9032663702964783, 0.7198804020881653, 0.584567666053772, 0.44547924399375916, 0.3791811168193817, 0.2433634251356125, 0.21081660687923431, 0.22315315902233124, 0.18165677785873413, 0.1722751259803772, 0.10899925231933594, 0.06686175614595413, 0.057033006101846695, 0.05813928321003914, 0.04301390051841736, 0.0395919606089592, 0.033996716141700745, 0.032706573605537415, 0.03367746248841286, 0.030744392424821854, 0.03101474605500698, 0.036053434014320374, 0.028188340365886688, 0.036087602376937866, 0.0276093278080225, 0.030507918447256088, 0.02835039794445038, 0.028203673660755157, 0.027319731190800667, 0.029676562175154686, 0.0283038429915905, 0.028624409809708595, 0.026631327345967293, 0.026745077222585678, 0.02683081105351448, 0.027593808248639107, 0.03803972899913788, 0.027222150936722755, 0.027270225808024406, 0.027327682822942734, 0.02621195651590824, 0.028501443564891815, 0.02729417011141777, 0.027359269559383392, 0.02620004303753376, 0.02659742906689644], "val_accuracy": [0.3296089470386505, 0.3296089470386505, 0.48603352904319763, 0.5530726313591003, 0.6201117038726807, 0.6368715167045593, 0.5251396894454956, 0.5921787619590759, 0.6033519506454468, 0.3910614550113678, 0.575419008731842, 0.5307262539863586, 0.6983240246772766, 0.6871508359909058, 0.6983240246772766, 0.6871508359909058, 0.6759776473045349, 0.6703910827636719, 0.6815642714500427, 0.6927374005317688, 0.6815642714500427, 0.6927374005317688, 0.6815642714500427, 0.6983240246772766, 0.7039105892181396, 0.7039105892181396, 0.6927374005317688, 0.6871508359909058, 0.7039105892181396, 0.6983240246772766, 0.6983240246772766, 0.7039105892181396, 0.7039105892181396, 0.6927374005317688, 0.6927374005317688, 0.7094972133636475, 0.7094972133636475, 0.7039105892181396, 0.7039105892181396, 0.7039105892181396, 0.6983240246772766, 0.7039105892181396, 0.7039105892181396, 0.7039105892181396, 0.7039105892181396, 0.7039105892181396, 0.7039105892181396, 0.7039105892181396], "val_loss": [1.168875813484192, 1.1015344858169556, 1.0141234397888184, 0.9301865100860596, 0.9462728500366211, 0.900395393371582, 1.8124663829803467, 1.022506833076477, 0.9739978313446045, 1.253170132637024, 2.0211238861083984, 1.2085883617401123, 0.9590640068054199, 1.193625807762146, 1.3432129621505737, 1.556470274925232, 1.7784523963928223, 1.8742581605911255, 1.8330498933792114, 1.844697117805481, 1.9282832145690918, 1.9437732696533203, 1.9775116443634033, 1.9097399711608887, 2.0364651679992676, 2.0841455459594727, 2.0793378353118896, 2.088949203491211, 2.0973126888275146, 2.1262307167053223, 2.1409552097320557, 2.14093017578125, 2.142589807510376, 2.1400022506713867, 2.138737678527832, 2.1480815410614014, 2.153903007507324, 2.15214467048645, 2.1590516567230225, 2.184462070465088, 2.1858530044555664, 2.181650400161743, 2.1815242767333984, 2.188063621520996, 2.186750888824463, 2.1803178787231445, 2.176090717315674, 2.1745028495788574], "learning_rate": [0.0010000000474974513, 0.0010000000474974513, 0.0010000000474974513, 0.0010000000474974513, 0.0010000000474974513, 0.0010000000474974513, 0.0010000000474974513, 0.0010000000474974513, 0.0010000000474974513, 0.0010000000474974513, 0.0010000000474974513, 0.0005000000237487257, 0.0005000000237487257, 0.0005000000237487257, 0.0005000000237487257, 0.0005000000237487257, 0.0002500000118743628, 0.0002500000118743628, 0.0002500000118743628, 0.0002500000118743628, 0.0002500000118743628, 0.0001250000059371814, 0.0001250000059371814, 0.0001250000059371814, 0.0001250000059371814, 0.0001250000059371814, 6.25000029685907e-05, 6.25000029685907e-05, 6.25000029685907e-05, 6.25000029685907e-05, 6.25000029685907e-05, 3.125000148429535e-05, 3.125000148429535e-05, 3.125000148429535e-05, 3.125000148429535e-05, 3.125000148429535e-05, 1.5625000742147677e-05, 1.5625000742147677e-05, 1.5625000742147677e-05, 1.5625000742147677e-05, 1.5625000742147677e-05, 7.812500371073838e-06, 7.812500371073838e-06, 7.812500371073838e-06, 7.812500371073838e-06, 7.812500371073838e-06, 3.906250185536919e-06, 3.906250185536919e-06]}