{"accuracy": [0.3776223659515381, 0.3664335608482361, 0.44895103573799133, 0.5678321719169617, 0.7006993293762207, 0.8377622365951538, 0.9062936902046204, 0.9454545378684998, 0.9706293940544128, 0.9832167625427246, 0.9832167625427246, 0.9916083812713623, 0.9902098178863525, 0.9916083812713623, 0.9916083812713623, 0.9902098178863525, 0.9902098178863525, 0.9986013770103455, 0.9972028136253357, 0.9972028136253357, 0.9958041906356812, 0.9944055676460266, 1.0, 0.9986013770103455, 1.0, 0.9972028136253357, 0.9972028136253357, 0.9986013770103455, 0.9958041906356812, 0.9930070042610168, 0.9986013770103455, 0.9986013770103455, 1.0, 1.0, 1.0, 0.9958041906356812, 1.0, 0.9986013770103455, 0.9972028136253357, 0.9944055676460266, 0.9986013770103455, 1.0, 0.9958041906356812, 1.0, 1.0, 0.9972028136253357, 0.9986013770103455], "loss": [1.3591538667678833, 1.315231204032898, 1.1571314334869385, 0.9522517919540405, 0.7129673957824707, 0.46035706996917725, 0.28519901633262634, 0.18397799134254456, 0.13475066423416138, 0.09485418349504471, 0.08729904145002365, 0.07146753370761871, 0.06092724949121475, 0.07044046372175217, 0.05838429927825928, 0.06871464103460312, 0.055510733276605606, 0.04374539107084274, 0.0468658022582531, 0.04753582924604416, 0.046035077422857285, 0.04631683602929115, 0.04234789311885834, 0.04359754920005798, 0.038853589445352554, 0.04126947745680809, 0.0430450439453125, 0.04199182614684105, 0.046225935220718384, 0.049085911363363266, 0.04344017803668976, 0.04421362653374672, 0.03773047402501106, 0.036596979945898056, 0.039831314235925674, 0.044675491750240326, 0.03618570789694786, 0.03798995912075043, 0.03920788690447807, 0.04987195506691933, 0.037969205528497696, 0.039141327142715454, 0.04486679285764694, 0.036789339035749435, 0.036726780235767365, 0.04185662046074867, 0.03778042271733284], "val_accuracy": [0.33519554138183594, 0.33519554138183594, 0.33519554138183594, 0.33519554138183594, 0.33519554138183594, 0.33519554138183594, 0.33519554138183594, 0.33519554138183594, 0.33519554138183594, 0.33519554138183594, 0.33519554138183594, 0.33519554138183594, 0.3631284832954407, 0.3854748606681824, 0.42458099126815796, 0.48603352904319763, 0.5195530652999878, 0.5921787619590759, 0.6033519506454468, 0.659217894077301, 0.6871508359909058, 0.6927374005317688, 0.6871508359909058, 0.6815642714500427, 0.6815642714500427, 0.6815642714500427, 0.6871508359909058, 0.6927374005317688, 0.7039105892181396, 0.7039105892181396, 0.7094972133636475, 0.7094972133636475, 0.7094972133636475, 0.7094972133636475, 0.7150837779045105, 0.7094972133636475, 0.7094972133636475, 0.7094972133636475, 0.7150837779045105, 0.7150837779045105, 0.7150837779045105, 0.7150837779045105, 0.7150837779045105, 0.7150837779045105, 0.7150837779045105, 0.7150837779045105, 0.7150837779045105], "val_loss": [1.128111720085144, 1.1379765272140503, 1.225797176361084, 1.4144318103790283, 1.6773791313171387, 1.7580020427703857, 1.8261531591415405, 1.880754828453064, 1.9233546257019043, 1.7605502605438232, 1.8145493268966675, 1.5294992923736572, 1.404115915298462, 1.5010048151016235, 1.4339679479599, 1.244855523109436, 1.1089054346084595, 1.0409404039382935, 1.0400317907333374, 1.0118969678878784, 1.00115168094635, 0.9505585432052612, 0.9580225348472595, 1.0062520503997803, 1.0347440242767334, 1.071584939956665, 1.1205543279647827, 1.1492005586624146, 1.162124752998352, 1.1741576194763184, 1.2313772439956665, 1.2573118209838867, 1.2693902254104614, 1.2781283855438232, 1.2808866500854492, 1.302681803703308, 1.3174221515655518, 1.3161509037017822, 1.3176424503326416, 1.3187134265899658, 1.3164129257202148, 1.3354514837265015, 1.3387837409973145, 1.334397554397583, 1.3349895477294922, 1.3402165174484253, 1.3376672267913818], "learning_rate": [0.0010000000474974513, 0.0010000000474974513, 0.0010000000474974513, 0.0010000000474974513, 0.0010000000474974513, 0.0010000000474974513, 0.0005000000237487257, 0.0005000000237487257, 0.0005000000237487257, 0.0005000000237487257, 0.0005000000237487257, 0.0002500000118743628, 0.0002500000118743628, 0.0002500000118743628, 0.0002500000118743628, 0.0002500000118743628, 0.0001250000059371814, 0.0001250000059371814, 0.0001250000059371814, 0.0001250000059371814, 0.0001250000059371814, 0.0001250000059371814, 0.0001250000059371814, 0.0001250000059371814, 0.0001250000059371814, 0.0001250000059371814, 0.0001250000059371814, 6.25000029685907e-05, 6.25000029685907e-05, 6.25000029685907e-05, 6.25000029685907e-05, 6.25000029685907e-05, 3.125000148429535e-05, 3.125000148429535e-05, 3.125000148429535e-05, 3.125000148429535e-05, 3.125000148429535e-05, 1.5625000742147677e-05, 1.5625000742147677e-05, 1.5625000742147677e-05, 1.5625000742147677e-05, 1.5625000742147677e-05, 7.812500371073838e-06, 7.812500371073838e-06, 7.812500371073838e-06, 7.812500371073838e-06, 7.812500371073838e-06]}