{"accuracy": [0.3608391582965851, 0.38741257786750793, 0.41258740425109863, 0.4965035021305084, 0.6531468629837036, 0.770629346370697, 0.8839160799980164, 0.8895105123519897, 0.9412587285041809, 0.966433584690094, 0.966433584690094, 0.9706293940544128, 0.9790209531784058, 0.9790209531784058, 0.9860140085220337, 0.988811194896698, 0.9874125719070435, 0.9874125719070435, 0.9930070042610168, 0.9958041906356812, 0.9930070042610168, 0.9958041906356812, 0.9986013770103455, 0.9930070042610168, 0.9944055676460266, 0.9930070042610168, 1.0, 0.9958041906356812, 0.9986013770103455, 0.9902098178863525, 0.9986013770103455, 0.9972028136253357, 1.0, 0.9972028136253357, 1.0, 0.9958041906356812, 0.9958041906356812], "loss": [1.4218915700912476, 1.2976915836334229, 1.2199971675872803, 1.0427730083465576, 0.7951515913009644, 0.5589697360992432, 0.3393825590610504, 0.3058045208454132, 0.2036801278591156, 0.13879413902759552, 0.13621915876865387, 0.12556448578834534, 0.10248462110757828, 0.08892840147018433, 0.08364089578390121, 0.07401306182146072, 0.07387746870517731, 0.07198949158191681, 0.06598684936761856, 0.05463940277695656, 0.05691554397344589, 0.058660294860601425, 0.049605727195739746, 0.058267928659915924, 0.0548047311604023, 0.06617380678653717, 0.04093049466609955, 0.04606960713863373, 0.043179117143154144, 0.05495179072022438, 0.04347870871424675, 0.050888724625110626, 0.041783783584833145, 0.04733049497008324, 0.04222907871007919, 0.05122007802128792, 0.04941625893115997], "val_accuracy": [0.33519554138183594, 0.33519554138183594, 0.33519554138183594, 0.33519554138183594, 0.33519554138183594, 0.33519554138183594, 0.33519554138183594, 0.33519554138183594, 0.33519554138183594, 0.33519554138183594, 0.33519554138183594, 0.33519554138183594, 0.3519552946090698, 0.3519552946090698, 0.3966480493545532, 0.4134078323841095, 0.4525139629840851, 0.49162012338638306, 0.5363128781318665, 0.5698323845863342, 0.6089385747909546, 0.6368715167045593, 0.6536312699317932, 0.6703910827636719, 0.6927374005317688, 0.6703910827636719, 0.6759776473045349, 0.6648044586181641, 0.6648044586181641, 0.6759776473045349, 0.6759776473045349, 0.6759776473045349, 0.6871508359909058, 0.6871508359909058, 0.6871508359909058, 0.6871508359909058, 0.6759776473045349], "val_loss": [1.1301724910736084, 1.1597859859466553, 1.258567452430725, 1.5287010669708252, 1.868734359741211, 2.3150033950805664, 2.7193827629089355, 2.782745599746704, 2.8039400577545166, 2.628253936767578, 2.922353506088257, 2.5338189601898193, 2.288611650466919, 2.1962904930114746, 2.0577375888824463, 1.814908504486084, 1.6863430738449097, 1.5465142726898193, 1.3988029956817627, 1.290100336074829, 1.1639312505722046, 1.17010498046875, 1.1539461612701416, 1.1472604274749756, 1.1872851848602295, 1.2347583770751953, 1.267762541770935, 1.3134275674819946, 1.356859564781189, 1.3970770835876465, 1.4204403162002563, 1.4528486728668213, 1.4772217273712158, 1.50136137008667, 1.5196573734283447, 1.540852665901184, 1.5604196786880493], "learning_rate": [0.0010000000474974513, 0.0010000000474974513, 0.0010000000474974513, 0.0010000000474974513, 0.0010000000474974513, 0.0010000000474974513, 0.0005000000237487257, 0.0005000000237487257, 0.0005000000237487257, 0.0005000000237487257, 0.0005000000237487257, 0.0002500000118743628, 0.0002500000118743628, 0.0002500000118743628, 0.0002500000118743628, 0.0002500000118743628, 0.0001250000059371814, 0.0001250000059371814, 0.0001250000059371814, 0.0001250000059371814, 0.0001250000059371814, 6.25000029685907e-05, 6.25000029685907e-05, 6.25000029685907e-05, 6.25000029685907e-05, 6.25000029685907e-05, 3.125000148429535e-05, 3.125000148429535e-05, 3.125000148429535e-05, 3.125000148429535e-05, 3.125000148429535e-05, 1.5625000742147677e-05, 1.5625000742147677e-05, 1.5625000742147677e-05, 1.5625000742147677e-05, 1.5625000742147677e-05, 7.812500371073838e-06]}